id_verb;lemma;ipm;r;d;doc;dicts
1;бегать;59.2;99;93;1848;5
2;бежать;143.6;100;93;2758;5
3;беречь;23.4;100;95;1095;5
4;беседовать;33.8;99;95;1444;6
5;беспокоиться;28.1;99;93;1113;6
6;благодарить;31.4;100;94;1349;6
7;болеть1;68.5;100;94;2119;5
8;болеть2;68.5;100;94;2119;5
9;бороться;70.3;100;95;3191;5
10;бояться;266.5;100;94;4549;6
11;брать;226.3;100;96;5836;5
12;бросать;56.2;100;95;1933;5
13;будить;15.1;96;92;719;6
14;быть;12160.7;100;98;34184;5
15;варить;29.3;98;89;952;6
16;везти;47;100;95;1702;5
17;верить;197.1;100;96;4336;6
18;вернуть;68.5;100;96;2699;5
19;вернуться;311.2;100;96;5844;5
20;вести;280.3;100;98;7897;5
21;вешать;12;98;93;701;7
22;видеть;818.2;100;96;9914;7
23;висеть;81.3;100;93;2128;5
24;владеть;45.7;100;96;2244;7
25;внести;57.4;100;93;3312;5
26;возвращать;20.7;100;96;1206;6
27;возвращаться;125.8;100;96;3667;6
28;возражать;30.2;99;95;1256;6
29;возразить;34.9;98;92;1153;5
30;волновать;33.1;100;96;1577;5
31;волноваться;49.9;99;94;1465;6
32;воспитывать;20.8;100;94;1037;5
33;восстановить;37.8;100;95;1972;5
34;восхищаться;16.7;98;95;800;5
35;вручать;8.5;96;94;533;5
36;вспоминать;135.9;100;96;3532;6
37;вставать;69.1;100;95;2253;6
38;встать;172.1;100;93;3548;5
39;встретить;113.5;100;96;3378;6
40;встретиться;88.1;100;96;2768;5
41;встречать;77.4;100;96;2613;5
42;встречаться;106.8;100;96;3750;5
43;вступать;40.9;100;94;2098;6
44;входить;157.9;100;96;6332;6
45;выбирать;65.2;100;97;3122;7
46;выбрать;107.9;100;96;4748;5
47;выбросить;32.4;100;94;1311;5
48;вывести;53.4;100;97;2495;5
49;выводить;25.2;100;97;1401;5
50;выдавать;44.1;100;96;2104;5
51;выезжать;19.5;100;95;1080;5
52;вызывать;142.4;100;97;5228;5
53;выиграть;52.3;100;91;2239;5
54;выигрывать;13.9;100;91;822;5
55;выйти;480.9;100;96;8764;5
56;выключать;5;94;91;354;5
57;вынимать;12.7;99;93;675;5
58;выносить;28.6;100;94;1471;5
59;вынуть;37.8;98;91;1088;5
60;выписывать;9.8;98;95;632;6
61;выполнять;92.3;100;93;4098;6
62;выпускать;53.4;100;95;2638;5
63;вырасти;85.3;100;96;3787;5
64;выступать;138.8;100;93;5090;5
65;вытирать;15.5;93;90;717;5
66;выходить;201.6;100;97;5550;6
67;выяснять;13.3;98;95;810;5
68;гасить;6.8;95;93;451;5
69;гладить;19.1;97;91;747;5
70;говорить;1755;100;96;17120;6
71;голосовать;22.8;99;91;1054;5
72;гордиться;32.9;100;96;1532;5
73;гореть;76.6;100;93;2120;5
74;готовить;76.7;100;96;3180;5
75;готовиться;70.9;100;96;3092;5
76;давать;370.7;100;98;9941;7
77;дарить;22.3;100;94;1092;6
78;дать;573.1;100;97;11209;5
79;двигаться;87.3;100;96;2799;5
80;делать;701.1;100;97;12524;6
81;делить;22.5;100;96;1273;5
82;делиться;35.4;100;95;1883;5
83;держать;196.5;100;95;4204;5
84;держаться;86.4;100;95;2567;5
85;добавлять;27.4;100;94;1462;5
86;добиваться;29.4;100;95;1652;6
87;добывать;16.3;99;95;937;5
88;доверять;33.7;100;96;1495;5
89;договариваться;17.6;100;85;826;5
90;договориться;54.8;100;95;2198;5
91;догонять;10.1;98;92;579;5
92;дополнять;9;97;91;665;5
93;доставать;31.2;97;93;1317;6
94;достать;94.4;100;92;2127;5
95;достигать;35.2;100;89;2055;5
96;думать;755.5;100;95;9254;6
97;дуть;18.9;98;93;876;5
98;дышать;64.4;99;93;1869;5
99;ездить;93.6;99;95;2966;6
100;ехать;198.2;100;95;3686;5
101;жалеть;51.4;100;94;1714;5
102;жаловаться;46.1;100;95;1898;5
103;жарить;8.8;93;92;501;5
104;ждать;360.2;100;95;6976;6
105;желать;123.1;100;96;4182;5
106;жениться;50;100;93;1483;6
107;жить;725.5;100;96;10085;5
108;заболеть1;33.8;100;96;1380;5
109;заболеть2;33.8;100;96;1380;5
110;заботиться;27.2;100;96;1438;7
111;забывать;65.4;100;97;2923;6
112;завести;41.5;99;95;1675;5
113;зависеть;115;100;94;5293;5
114;заводить;17.1;100;94;925;5
115;завязать;14;99;94;738;5
116;завязывать;4.9;92;93;338;5
117;задавать;45.1;100;97;2039;5
118;задать;44.1;100;96;2021;5
119;зажечь;18.2;95;92;829;5
120;зажигать;9.2;99;93;541;5
121;зайти;85.2;100;94;2306;5
122;заказать;32.8;100;95;1490;5
123;заказывать;14.5;99;95;889;6
124;заключать;15.8;100;92;986;5
125;заключить;55.1;100;93;2563;5
126;закрывать;36.4;100;95;1649;5
127;закрыть;97.9;100;95;2967;5
128;заменять;16.2;100;96;1015;6
129;заметить;253.9;100;95;5724;5
130;замечать;79.4;100;95;2470;5
131;занимать;112.7;100;95;4949;6
132;заниматься;240.8;100;96;7727;6
133;занять;115.6;100;96;4754;5
134;записать;61.5;100;96;2314;6
135;записывать;28.6;99;94;1187;6
136;заплатить;38.9;100;95;1987;6
137;запоминать;9.7;100;94;552;7
138;запрещать;18.3;100;95;1101;5
139;заслуживать;22.4;100;95;1336;5
140;заставлять1;61;100;97;2614;5
141;заставлять2;61;100;97;2614;5
142;засыпать;30.8;99;94;1270;5
143;захватить;41.5;100;96;1608;5
144;захватывать;12.3;99;95;794;5
145;заходить;59.6;100;94;2019;6
146;защитить;39.1;100;96;2282;5
147;защищать;51;100;96;2545;6
148;заявить;154.2;100;93;6252;5
149;заявлять;31;100;94;1904;6
150;звать;131.3;100;94;2934;7
151;звонить;115.4;97;93;2327;6
152;здороваться;12.1;94;93;598;5
153;знакомиться;18;100;95;1001;5
154;знать;1713.8;100;95;13494;7
155;значить;134;100;93;4229;5
156;играть;319.1;100;95;6407;5
157;идти;957.1;100;96;13815;6
158;избирать;5.5;90;90;369;5
159;извинять;1.6;59;86;112;5
160;извиняться;14.1;94;92;687;5
161;изменять1;22.1;100;93;1235;5
162;изменять2;22.1;100;93;1235;5
163;измерять;9.2;97;87;541;5
164;изобретать;5.8;97;94;402;6
165;изучать;57;100;94;2603;6
166;иметь;906.7;100;96;17493;5
167;интересовать;57;100;97;2315;5
168;интересоваться;40.8;100;96;1880;6
169;искать;206.9;100;96;5266;5
170;исключать;25.6;100;93;1561;5
171;исключить;46;100;95;2612;5
172;исполнять;44.5;100;94;1934;5
173;использовать;249.6;100;90;8730;7
174;исправлять;6.1;99;95;436;6
175;исследовать;38.6;99;81;1745;5
176;казаться;448.2;100;97;7586;5
177;касаться;154.7;100;96;6473;6
178;кататься;23.1;98;88;932;5
179;кашлять;7.6;88;91;427;5
180;класть;35;100;94;1410;6
181;кончать;22.6;100;94;1013;5
182;кормить;52;100;93;1806;5
183;кричать;147.3;100;91;2642;5
184;курить;65.5;99;93;1631;6
185;лежать;318.1;100;94;5232;6
186;лечь;63.5;100;94;2020;5
187;лить;10.4;97;93;568;5
188;ловить;48;99;94;1711;6
189;ложиться;39.5;100;95;1573;7
190;ломать;28.2;100;95;1312;6
191;любить;503.1;100;95;6888;7
192;любоваться;19.6;98;95;946;6
193;махать;22.2;96;91;937;5
194;менять;74.9;100;97;3382;5
195;мерить;5.7;93;89;329;5
196;мечтать;72.4;100;96;2582;6
197;мешать1;100.4;100;97;3455;6
198;мешать2;100.4;100;97;3455;6
199;мочь;2912.3;100;98;25413;5
200;мыть;28.8;98;93;1169;5
201;мыться;8.3;94;92;440;5
202;наблюдать;95.5;100;96;3236;5
203;навещать;10.1;94;93;512;5
204;награждать;3.9;94;92;280;5
205;надевать;22.5;99;95;1102;5
206;надеяться;137.1;100;96;4734;6
207;надоедать;4.9;92;92;341;5
208;назначать;14.2;100;92;880;5
209;назначить;79.3;100;94;2895;5
210;называть;293.4;100;96;8780;6
211;называться;135.3;100;97;4706;5
212;наказывать;9.5;99;95;601;5
213;накрывать;6.5;93;93;433;6
214;нападать;11.2;99;94;596;5
215;напасть;15.5;99;93;723;5
216;напоминать;106.2;100;97;3924;6
217;направить;109.9;100;92;4864;5
218;направлять;23.7;100;92;1415;5
219;нарушать;29.5;100;96;1653;6
220;наступать1;44;100;97;2041;5
221;наступать2;44;100;97;2041;5
222;находить;89.5;100;96;3491;6
223;начать;473.3;100;97;10696;5
224;начаться;197.4;100;96;6666;5
225;начинать;296;100;98;8243;6
226;начинаться;115.1;100;96;4378;5
227;ненавидеть;44.1;98;94;1440;5
228;нести;120.6;100;96;4124;5
229;носить;115.3;100;98;4158;6
230;нравиться;160.6;100;94;3676;7
231;нуждаться;49.5;100;96;2580;5
232;обеспечивать;87.5;100;88;4051;5
233;обещать;107.2;100;96;3724;5
234;обидеть;30.4;99;94;1276;5
235;обидеться;32.3;96;92;1197;5
236;обижать;13.5;95;94;710;5
237;обижаться;23.2;96;93;986;5
238;обманывать;16.5;99;94;840;5
239;обнимать;20.2;94;91;795;5
240;образовать;21.4;100;89;1169;5
241;обратить;88.3;100;97;3634;5
242;обратиться;108.6;100;96;4326;5
243;обращать;56.6;100;97;2490;5
244;обращаться;98.6;100;96;4012;5
245;обсуждать;52.8;100;95;2485;5
246;объединять;23.1;99;92;1495;6
247;объявить;99;100;96;3989;5
248;объявлять;20.4;100;95;1143;7
249;объяснять;92.1;100;97;3442;6
250;овладевать;5;97;94;351;5
251;одалживать;1.4;68;89;105;5
252;одевать;5.9;94;89;399;5
253;одеваться;20;99;94;958;5
254;одеть;33.9;100;94;1351;5
255;одеться;14.8;96;92;729;5
256;окружать;32.2;100;94;1562;5
257;окружить;33.1;99;95;1370;5
258;опаздывать;13;95;93;663;5
259;опоздать;22.6;99;94;1013;5
260;определять;95.7;100;88;4260;5
261;опускать;18.3;100;94;954;6
262;опустить;59.9;99;92;1615;5
263;организовать;65.1;100;93;3417;6
264;освобождать;13.1;99;94;808;5
265;освобождаться;9.3;98;87;615;5
266;осматривать;12.5;99;93;635;5
267;основать;51;100;90;2714;6
268;основывать;1.4;52;86;105;5
269;оставлять;81.4;100;97;3352;6
270;останавливать;16.6;100;95;960;5
271;останавливаться;44.4;100;95;1766;6
272;остановиться;147;100;93;3158;5
273;осуществлять;72.2;99;81;3094;5
274;ответить;370.4;100;94;5662;5
275;отвечать;232.4;100;97;6607;6
276;отдавать;70.3;100;96;3015;6
277;отдыхать;42.9;100;96;1764;5
278;отказываться;51.2;100;97;2515;6
279;открывать;85.7;100;97;3344;7
280;открыть;214.8;100;96;5628;5
281;отличаться;98.9;100;93;4586;6
282;отнимать;11.7;99;95;755;6
283;отнять;25.1;99;94;1168;5
284;отправлять;22.7;100;96;1220;6
285;отпускать;25.3;100;95;1160;6
286;отражать;41.1;100;88;2122;5
287;отставать;18.8;99;96;1157;5
288;отстать;19.8;100;94;968;5
289;охранять;25.2;100;94;1212;5
290;ошибаться;25.8;100;95;1127;6
291;пахнуть;67.2;99;92;1694;5
292;перевести;66.4;100;97;2502;5
293;переводить;32;99;96;1379;5
294;передавать;49.3;100;96;2341;6
295;передать;123.5;100;96;4042;5
296;переезжать;7.5;96;93;479;5
297;переносить;22.1;100;96;1300;5
298;переписывать;5.8;97;94;369;5
299;переходить;52.6;100;96;2481;6
300;петь;143.2;100;94;2802;5
301;печатать;24.6;100;93;960;6
302;писать;444.3;100;96;6914;5
303;пить;200.9;100;93;3381;6
304;плавать;33.1;100;93;1209;5
305;плакать;103.9;99;92;2216;6
306;платить;96.9;100;95;3722;5
307;победить;52.9;100;95;2413;5
308;побеждать;16.2;98;93;974;5
309;повернуться;69.3;98;90;1439;5
310;повторять;79.9;100;96;2615;5
311;погасить;13.5;100;95;802;5
312;погибать;14.7;100;95;855;6
313;подавать;49;100;96;2073;5
314;подать;79.4;100;95;2745;5
315;подготовить;69.1;100;93;3654;6
316;поддерживать;75.9;100;95;3771;5
317;поднимать;56.9;100;95;2106;5
318;подниматься;75.9;100;94;2257;5
319;подняться;136.2;100;92;2588;5
320;подписывать;15.5;100;94;814;6
321;подтверждать;39.2;100;92;2210;5
322;подходить;116.9;100;96;3795;6
323;поесть;18.3;97;92;887;5
324;поздравлять;27.9;95;90;1178;5
325;познакомиться;67.2;100;96;2298;5
326;показать;277.7;100;96;8111;5
327;показывать;155;100;97;5560;6
328;покупать;74.5;100;94;3034;6
329;положить;158.1;100;95;3871;6
330;получать;188.2;100;95;7470;7
331;пользоваться;120.1;100;95;4827;6
332;помнить;363.1;100;96;5704;5
333;помогать;134.5;100;96;4613;6
334;помочь;218.8;100;96;6162;5
335;понимать;559.7;100;96;8240;6
336;понять;588.2;100;95;7880;6
337;портить;15.9;99;95;906;5
338;посвящать;7.9;99;94;528;5
339;посещать;27.1;100;95;1412;7
340;послать;73.3;100;95;2039;5
341;поступать;72.1;100;96;3404;6
342;посылать;35.1;100;95;1440;7
343;праздновать;12.1;100;93;752;5
344;превращать;17.7;100;96;1054;5
345;превращаться;42.7;100;95;2118;5
346;предложить;201.2;100;97;6811;6
347;представить;247.2;100;95;8529;6
348;представлять;228.5;100;95;8016;6
349;предупреждать;29.4;100;96;1437;5
350;прекращать;8.6;99;92;582;6
351;прибавлять;6.9;97;94;429;5
352;прибывать;10.4;99;92;589;5
353;привести;214.7;100;94;7716;5
354;приветствовать;25;100;94;1289;6
355;приводить;97.8;100;91;4253;5
356;привыкать;15.3;98;95;881;5
357;привыкнуть;85.9;100;96;2818;5
358;пригласить;98.2;100;95;2909;5
359;приглашать;47.5;100;95;2000;6
360;приготовить;38.5;100;95;1572;7
361;приготовиться;11.4;94;92;599;5
362;придумывать;18.7;98;95;971;6
363;приезжать;86.8;100;94;2678;5
364;приехать;234.4;100;95;4587;5
365;признавать;46.4;100;96;2229;5
366;признаваться;39.7;100;92;1837;5
367;признать;88.9;100;94;4156;5
368;признаться;55.1;100;94;1964;5
369;прийти;523.3;100;96;9359;5
370;приказывать;10.7;97;92;508;6
371;принадлежать;113.5;100;95;4410;5
372;принести;141.9;100;96;4153;5
373;принимать;207.7;100;96;7397;6
374;приносить;64.9;100;97;2863;6
375;принять;386.9;100;95;11757;5
376;прислать;46.3;100;95;1634;5
377;присылать;10.3;100;93;637;6
378;приходить;218.2;100;96;5596;6
379;пробовать;35.7;99;93;1454;5
380;проверять;42.9;100;96;1858;6
381;проводить;167.6;100;95;6915;6
382;провожать;30;98;93;1090;7
383;продавать;56.3;100;95;2645;6
384;продать;68.3;100;96;2744;5
385;продолжать;240.6;100;97;6302;5
386;проезжать;12;98;94;653;5
387;проехать;23.3;98;94;1102;5
388;проиграть;30.1;99;92;1362;5
389;проигрывать;12.2;99;93;742;5
390;производить;66.5;100;94;3238;5
391;произносить;40.8;99;94;1457;5
392;пропускать;22.4;100;96;1184;5
393;просить;215.9;100;96;4474;6
394;простить;101.1;100;93;2270;6
395;проститься;11.2;93;93;540;5
396;прощать;30.3;97;94;1113;6
397;прощаться;25.8;96;94;1025;5
398;проявлять;34.8;100;95;1802;6
399;прятать;26.9;98;93;1120;6
400;пускать;35.5;99;95;1521;5
401;работать;611.2;100;96;13409;5
402;разбивать;6.5;98;95;466;5
403;разбить;36.7;100;96;1699;6
404;развивать;33.1;100;92;1897;6
405;развить;14;100;93;913;5
406;разговаривать;95.4;100;94;2375;6
407;разрешать;22.2;99;96;1166;5
408;разрушать;15.3;100;94;935;5
409;ранить;26.8;98;93;990;5
410;распределять;6.1;96;92;444;5
411;рассказывать;230;100;96;5391;7
412;расставаться;18.5;99;95;974;5
413;решать;96.5;100;96;4584;7
414;решить;409.7;100;97;10694;5
415;рисовать;37.5;99;94;1388;5
416;родиться;116.7;100;94;3804;5
417;ругать;23.2;96;95;957;5
418;руководить;38.2;100;94;1817;6
419;садиться;77.9;100;93;2136;5
420;сажать;21.3;99;95;1065;5
421;светить;21.1;98;93;1001;5
422;сдавать;34.4;100;93;1603;5
423;сдать;53.6;100;94;2132;5
424;сделать;743.5;100;97;14748;6
425;сердиться;22;94;91;744;5
426;сесть;175.9;100;93;3211;5
427;сидеть;538.1;100;94;5916;6
428;сказать;2396.6;100;94;15426;6
429;скрывать;49.3;100;96;1990;5
430;скрываться;23.4;100;96;1208;5
431;скучать;19.4;98;93;871;5
432;следить;75.8;100;96;2716;5
433;сломаться;10.8;98;94;650;5
434;служить;140.3;100;96;4839;5
435;случаться;55.5;100;96;2264;5
436;слушать;239.5;100;94;3830;7
437;слышать;256.1;100;94;4462;7
438;смеяться;117.9;99;92;2388;6
439;смотреть;667.2;100;96;9118;6
440;снимать;98.5;100;94;3010;5
441;советовать;32.5;100;95;1534;5
442;согласиться;144.2;100;96;4160;5
443;соглашаться;31.3;100;96;1464;7
444;соединять;16.6;99;92;912;5
445;сойти;55.4;100;94;1967;5
446;сообщать;50.3;100;96;2400;5
447;сообщить;143.8;100;95;5001;5
448;сопровождать;35.8;100;96;1599;5
449;составлять;175;100;91;7477;5
450;состоять;139.9;100;92;5480;6
451;спасти;80.1;100;95;2693;5
452;спать;221.9;100;92;3167;5
453;спорить;53.1;100;96;1926;5
454;спрашивать;208.3;100;94;3810;7
455;спускаться;34.3;100;93;1216;5
456;сравнивать;24.5;99;96;1412;6
457;сравнить;31.7;100;89;1550;5
458;ссориться;10.9;98;94;609;5
459;ставить;138.7;100;97;4950;6
460;становиться;259.3;100;97;7869;5
461;стараться;172.8;100;96;4402;5
462;стирать;13.8;98;93;716;5
463;стоять;419.3;100;93;5109;5
464;стремиться;85.1;100;95;3639;5
465;строить;82.2;100;96;3401;5
466;судить;116.8;100;95;4355;6
467;сходить;54.2;100;92;2032;5
468;танцевать;41.7;97;93;1166;6
469;терять;74;100;97;3010;5
470;течь;33.7;100;94;1370;5
471;торопиться;52.6;98;93;1731;5
472;тратить;33.3;100;96;1759;5
473;трудиться;30.8;100;95;1637;5
474;тянуть;68.5;98;94;2104;5
475;убеждать;22.3;100;96;1175;5
476;убеждаться;7.4;99;94;450;5
477;убивать;49.8;100;94;1647;6
478;убирать;20;100;95;1073;5
479;убить;144.7;100;93;2795;5
480;уважать;42.2;100;96;1766;5
481;увеличивать;19.3;100;92;1363;5
482;угощать;11.3;91;94;587;5
483;ударить;63.3;99;92;1694;5
484;удивиться;84.3;100;91;1806;5
485;уезжать;50.7;99;94;1607;5
486;узнавать;88.2;100;96;2684;5
487;узнать;238.1;100;96;4926;5
488;указывать;54;100;92;2389;5
489;укреплять;11.7;99;93;818;5
490;улыбаться;111.3;98;92;2090;5
491;умереть;179.7;100;95;3620;5
492;уметь;172.5;100;96;4360;5
493;умирать;62;99;94;2005;5
494;умываться;5.6;82;89;291;5
495;уничтожать;16;100;95;888;6
496;упасть;106;100;94;2881;5
497;употреблять;22;100;93;1158;6
498;управлять;38.9;100;95;2114;5
499;успевать;32.2;100;96;1519;5
500;утверждать;97.3;100;95;4381;5
501;уходить;192.7;100;95;4652;5
502;учить;76.7;100;96;2610;7
503;учиться;126.9;100;95;3791;6
504;хвалить;16.6;97;94;728;6
505;ходить;296.6;100;94;5439;5
506;хотеть;991.3;100;95;12290;6
507;хранить;42.1;100;96;1945;6
508;целовать;40.7;95;89;1006;5
509;чинить;8;95;94;499;5
510;чистить;17;98;94;840;6
511;читать;304.4;100;96;5215;6
512;чувствовать;246.9;100;95;4762;5
513;явиться;79.8;100;96;2659;5
514;являться;522.9;100;89;12749;5
515;беспокоить;21.7;100;96;1103;4
516;бить;107.5;100;94;2640;4
517;биться;33.4;100;94;1369;4
518;браться;33.3;100;97;1780;4
519;бросить;166.5;100;93;3369;4
520;бывать;297.3;100;96;6512;4
521;ввести;68.6;100;94;3428;2
522;вводить;27.1;100;91;1554;3
523;велеть;49.8;100;92;1303;4
524;взять;525.8;100;95;9275;4
525;взяться;68.6;100;95;2494;4
526;вкладывать;18.4;100;94;1204;1
527;включать;75.4;100;89;3814;4
528;включить;70.1;100;97;3181;3
529;включиться;9;100;95;604;1
530;влечь;23.3;100;64;955;1
531;влиять;39.4;100;90;2245;4
532;вложить;27.7;100;96;1639;1
533;вносить;27.8;100;92;1717;4
534;внушать;15;100;95;799;2
535;возглавлять;33;100;92;1949;3
536;возникать;138.4;100;92;5125;4
537;возникнуть;133.6;100;96;4853;3
538;войти;205.5;100;96;5227;4
539;воспользоваться;40.3;100;96;2165;2
540;воспринимать;43.4;100;94;1970;0
541;воспринять;24.4;100;93;1326;0
542;восстанавливать;12.8;100;95;847;4
543;вспомнить;215.5;100;95;4696;4
544;вставить;23.5;100;94;984;4
545;вступить;53.1;100;95;2569;4
546;выбрасывать;14.4;100;96;845;4
547;вывозить;8.3;100;94;552;2
548;выглядеть;141.7;100;97;4929;2
549;выдать;60.4;100;95;2407;4
550;выдвигать;12.1;100;93;778;1
551;выдвинуть;24.1;100;94;1320;1
552;выделить;76.4;100;88;3628;1
553;выделять;29.2;100;89;1686;2
554;выделяться;30.2;100;92;1680;2
555;вызвать;154.9;100;97;5405;4
556;выложить;17.6;100;95;893;0
557;вынести;51.3;100;96;2278;4
558;вынудить;38.3;100;95;2216;1
559;выпадать;12.4;100;96;801;2
560;выпасть;29.4;100;95;1373;2
561;выписать;17.2;100;95;853;4
562;выполнить;91.7;100;94;4412;4
563;выпустить;63.4;100;96;2774;4
564;выражать;40;100;95;1842;4
565;выражаться;30.4;100;95;1537;3
566;выразить;57.7;100;94;2715;4
567;выразиться;20.1;100;96;1088;2
568;вырастить;13.5;100;94;839;3
569;вырваться;31.8;100;93;1231;0
570;выручить;11.7;100;95;690;2
571;высказать;39.6;100;96;2062;1
572;выставить;35.5;100;96;1731;0
573;выставлять;12.3;100;95;826;0
574;выступить;67.2;100;94;3129;4
575;вытекать;20.3;100;89;1107;1
576;выяснить;44.6;100;96;2155;3
577;говориться;77.3;100;95;3331;2
578;давить;24.6;100;94;1091;3
579;действовать;153.5;100;95;6101;4
580;делаться;74.7;100;95;3060;3
581;демонстрировать;34.3;100;95;2015;1
582;длиться;30.1;100;96;1538;1
583;добавить;115.5;100;96;3608;4
584;добиться;69.5;100;95;3456;4
585;добраться;49.6;100;94;1719;2
586;доверить;12.4;100;95;827;4
587;довести;39.4;100;96;2043;3
588;доводить;13.3;100;96;846;4
589;дождаться;41.6;100;94;1612;4
590;дойти;88.6;100;96;2957;4
591;доказать;65;100;96;2855;3
592;доказывать;32.9;100;96;1682;4
593;допускать;35.1;100;95;1835;3
594;допустить;73;100;97;3182;3
595;доставить;37;100;96;1624;3
596;доставлять;20.4;100;95;1097;4
597;достаться;40.5;100;96;1950;2
598;достигнуть;97.4;100;95;4590;2
599;доходить;30.4;100;95;1565;4
600;есть;94.7;100;93;2415;4
601;забрать;47.9;100;94;1647;2
602;забыть;226;100;95;4910;4
603;завоевать;17.4;100;93;1069;4
604;задержать;33.9;100;93;1435;3
605;задуматься;49.6;100;94;1951;4
606;задумываться;28.8;100;96;1530;4
607;заключаться;65.4;100;93;3268;2
608;закрепить;24.5;100;92;1510;1
609;заложить;45;100;95;2362;0
610;заменить;47.6;100;96;2509;4
611;занести;18.9;100;95;968;1
612;заняться;52.7;100;96;2517;4
613;заполнить;30.9;100;96;1583;3
614;заполнять;17.1;100;96;1008;4
615;запоминаться;6.3;100;94;421;2
616;запретить;56.1;100;96;2418;3
617;зарабатывать;30.5;100;95;1526;4
618;заработать1;42.7;100;95;2114;3
619;заработать2;42.7;100;95;2114;3
620;заразить;11.4;100;86;579;2
621;зарегистрировать;31.2;100;87;1570;1
622;заслужить;30.8;100;96;1628;3
623;заставить1;92.1;100;96;3282;4
624;заставить2;92.1;100;96;3282;4
625;звучать;84.1;100;96;3069;3
626;избежать;32.5;100;95;1991;2
627;избрать;41.6;100;93;1993;2
628;издавать;17.6;100;95;969;3
629;изложить;30.1;100;93;1562;2
630;изменить1;79.9;100;96;3794;4
631;изменить2;79.9;100;96;3794;4
632;измениться;84.5;100;97;3734;3
633;изображать;34.2;100;96;1325;4
634;изучить;35.3;100;90;1868;4
635;иметься;128.4;100;93;5148;1
636;исполниться;20.1;100;94;1156;2
637;испортить;22.2;100;95;1136;3
638;исправить;18.5;100;96;1103;4
639;испытать;36.5;100;96;1577;3
640;испытывать;76.6;100;96;2885;4
641;исходить;69;100;93;3335;2
642;исчезать;41.4;100;96;1756;3
643;исчезнуть;99.9;100;94;2662;3
644;контролировать;38.2;100;92;2286;4
645;коснуться;27.8;100;95;1364;4
646;купить;192.7;100;94;5092;4
647;лечить;30.6;100;94;1227;4
648;лишать;14.8;100;96;939;3
649;лишить;50.9;100;97;2317;2
650;лишиться;18.7;100;95;1208;2
651;меняться;66;100;96;3193;3
652;миновать;28;100;94;1191;0
653;молчать;144.5;100;91;2343;4
654;набирать;27.3;100;96;1442;4
655;набрать;43.7;100;95;1845;4
656;навести;18.1;100;96;1048;1
657;наводить;14.9;100;95;937;1
658;навязать;8.2;100;94;560;2
659;надеть;52.1;100;94;1706;4
660;назвать;205.1;100;96;7109;4
661;найти;424.1;100;97;9693;3
662;накладывать;8.4;100;95;570;0
663;накопить;20.4;100;94;1346;1
664;наладить;20.5;100;95;1276;2
665;наложить;16.4;100;95;956;0
666;наметить;25.6;100;94;1581;2
667;нанести;38.5;100;95;1904;2
668;наносить;22;100;91;1206;2
669;напечатать;35.5;100;92;1224;4
670;написать;336.2;100;96;6048;4
671;напомнить;65.2;100;96;3164;4
672;нарисовать;33.9;100;91;1235;4
673;нарушить;35.9;100;96;1805;4
674;настаивать;37.2;100;96;1832;3
675;настать;22.4;100;95;1199;1
676;настроить;20.4;100;94;1296;1
677;наступить1;67.1;100;96;2577;4
678;наступить2;67.1;100;96;2577;4
679;научить;35.8;100;96;1658;4
680;находиться;342.7;100;95;10424;4
681;обвинять;22.3;100;94;1209;4
682;обеспечить;86.4;100;92;4593;4
683;обладать;105.2;100;92;4511;3
684;обнаружить;125;100;95;4305;1
685;обозначать;16.7;100;89;876;4
686;обозначить;30.1;100;90;1649;2
687;обойти;30.4;100;96;1535;3
688;обойтись;61.6;100;96;2992;1
689;образоваться;42.1;100;91;1980;2
690;обслуживать;16.7;100;94;1082;2
691;обсудить;27.5;100;90;1504;4
692;обучать;13.6;100;91;763;3
693;обходить;17.8;100;95;972;4
694;обходиться;22.4;100;95;1482;1
695;общаться;44.5;100;93;1884;2
696;объединить;43.2;100;92;2363;4
697;объяснить;161.4;100;96;4364;4
698;объясняться;32.4;100;93;1937;3
699;обязать;33;100;90;1683;1
700;обязывать;10;100;94;711;1
701;ограничивать;15.1;100;91;1055;3
702;ограничить;26.9;100;91;1771;2
703;одобрить;25.4;100;93;1484;2
704;ожидать;123;100;97;4243;4
705;означать;97;100;95;4149;3
706;оказаться;531.9;100;97;11735;3
707;оказывать;48.2;100;91;2658;3
708;оказываться;155.1;100;97;5218;4
709;описать;64.4;100;91;2583;3
710;описывать;41.5;100;91;1722;4
711;оправдать;24.6;100;96;1440;3
712;оправдывать;14.1;100;96;869;3
713;определить;120.6;100;93;5336;4
714;опубликовать;58;100;92;2646;3
715;опускаться;18.5;100;95;991;4
716;освободить;43.5;100;95;1850;4
717;ослабить;12.1;100;95;769;2
718;осмотреть;21.9;100;93;921;4
719;оставаться;327.4;100;98;9585;4
720;оставить;210.5;100;96;5392;4
721;остановить;70.2;100;95;2466;4
722;остаться;482.7;100;97;10602;4
723;осуществить;36.7;100;92;2066;4
724;отбросить;18.4;100;94;935;1
725;отвести;40.6;100;95;1708;3
726;отдать;139.8;100;96;4162;4
727;отделять;14.9;100;93;831;4
728;отдохнуть;33.7;100;94;1467;4
729;отказать;32.3;100;96;1574;2
730;отказаться;115.8;100;96;4462;4
731;отказывать;13.3;100;95;837;4
732;открываться;40.4;100;96;1962;3
733;открыться;63;100;96;2542;4
734;отличать;17.7;100;94;1139;3
735;отложить;26.1;100;96;1355;3
736;отменить;32.6;100;94;1737;2
737;отметить;154.3;100;92;6713;4
738;отмечать;56;100;93;2905;4
739;отнестись;21.2;100;95;1166;4
740;относиться;191.6;100;94;6746;4
741;отозваться;36.7;100;91;1038;3
742;отойти;55.9;100;94;1939;2
743;отправить;69.3;100;96;2494;4
744;отправиться;78.2;100;95;2485;3
745;отправляться;29.6;100;96;1495;4
746;отпустить;57.6;100;94;1814;4
747;отражаться;19.4;100;95;1131;2
748;отразиться;14.4;100;95;941;2
749;отрезать;27.3;100;94;1147;4
750;отрицать;21.2;100;95;1131;3
751;отстаивать;15.7;100;93;998;1
752;отстоять;10.4;100;95;719;1
753;отсутствовать;45.9;100;90;2521;3
754;отходить;22.8;100;95;1071;4
755;оформить;28.1;100;95;1600;3
756;оценивать;36.4;100;93;2224;3
757;оценить;64;100;95;3322;1
758;очистить;20.3;100;91;1060;3
759;очищать;9.4;100;92;553;1
760;ошибиться;31;100;95;1293;4
761;ощутить;35.9;100;93;1291;1
762;ощущать;55.9;100;95;1889;1
763;падать;84.2;100;95;2640;4
764;пасть;19.9;100;95;973;0
765;переделать;10;100;95;621;1
766;переехать;26.3;100;95;1213;3
767;переживать;51.6;100;95;2182;3
768;пережить;48.9;100;95;2034;2
769;перейти;100.5;100;98;4037;4
770;перенести;36.6;100;97;1844;4
771;переписать;9.3;100;94;550;4
772;переставать;29;100;97;1502;4
773;перестать;105.8;100;95;3236;3
774;перечислить;21.2;100;93;1376;1
775;планировать;36.8;100;92;2367;3
776;поблагодарить;17.4;100;95;847;4
777;повезти;58.5;100;96;2165;1
778;поверить;101.8;100;95;2794;4
779;повести;46.3;100;94;1568;1
780;повлиять;18.6;100;93;1260;2
781;поворачивать;16.7;100;93;788;3
782;повредить;18.3;100;95;1007;1
783;повторить;80.9;100;93;2187;4
784;повысить;31;100;94;2076;3
785;повышать;23.2;100;93;1612;4
786;погибнуть;95.4;100;96;2885;4
787;подарить;61.4;100;95;2191;4
788;подвести;35.3;100;96;1880;2
789;подводить;16.6;100;96;1099;2
790;поддаваться;20.8;100;96;1196;2
791;поддержать;56.2;100;95;2808;4
792;поделить;12.2;100;95;842;1
793;поделиться;27.4;100;95;1506;2
794;поднять;173.8;100;93;3686;4
795;подобрать;34.9;100;96;1681;4
796;подозревать;43.2;100;95;1699;2
797;подойти;190;100;93;3608;4
798;подписать;72.4;100;93;3077;4
799;подразумевать;13.9;100;92;884;1
800;подсказать;24;100;91;1049;2
801;подтвердить;69.7;100;96;3176;3
802;подумать;315.6;100;92;4229;4
803;подчеркивать;32.1;100;93;1731;1
804;подчеркнуть;46.3;100;94;2621;4
805;подчинить;14.8;100;94;865;2
806;пожелать;27.1;100;96;1454;4
807;позаботиться;11.7;100;95;728;4
808;позволить;159.6;100;96;6709;2
809;позволять;194.3;100;90;7687;4
810;поинтересоваться;39.8;100;91;1145;1
811;пойти;587.2;100;94;8422;4
812;показаться;142.4;100;94;3199;4
813;покидать;27.9;100;96;1310;2
814;покинуть;49;100;96;1961;1
815;покончить;20.5;100;95;971;0
816;покрыть;46.3;100;92;1672;3
817;полагаться;40.5;100;95;1513;4
818;получаться;127;100;96;4507;4
819;получить;557.7;100;95;14913;4
820;получиться;149.3;100;95;4826;3
821;поместить;24.9;100;92;1240;2
822;помешать1;31.8;100;96;1590;3
823;помещаться;15.1;100;95;765;1
824;понадобиться;40;100;95;1721;2
825;понести;27.7;100;94;1348;1
826;понравиться;93.1;100;94;2856;4
827;попадать;54.1;100;97;2639;4
828;попасть;197.7;100;96;5539;2
829;попробовать;97.8;100;95;3147;4
830;попросить;140.2;100;95;3316;4
831;попытаться;79.1;100;96;2937;3
832;порвать;14;100;94;744;3
833;поручить;31;100;94;1481;4
834;посадить;52.9;100;95;1919;4
835;посвятить;85.1;100;93;3985;4
836;поселиться;19.4;100;95;968;0
837;посетить;32.3;100;94;1739;4
838;послужить;25.1;100;94;1549;1
839;послушать;49;100;93;1538;2
840;посмотреть;314.2;100;93;5341;4
841;посоветовать;34;100;93;1403;4
842;поставить;267.3;100;98;7836;4
843;постараться;45.2;100;95;1923;4
844;пострадать;25.9;100;95;1586;1
845;построить;114.9;100;94;4638;4
846;поступить;86;100;97;3732;4
847;потерять;129.2;100;97;4294;4
848;потратить;22.9;100;94;1466;1
849;потребовать;51.6;100;96;2450;3
850;потрудиться;5.6;100;95;407;1
851;потрясти;32.5;100;95;1309;1
852;почувствовать;124.2;100;94;2889;4
853;появиться;294.6;100;97;8767;3
854;появляться;118.4;100;97;4331;4
855;превратить;33.8;100;95;1772;4
856;превратиться;63.5;100;96;2849;4
857;предлагать;145.9;100;95;6446;4
858;предназначить;43.7;100;92;2447;0
859;предоставить;54.7;100;92;3010;2
860;предполагать;74.1;100;93;3530;1
861;предположить;46.9;100;95;2214;1
862;предпочесть;18.3;100;95;1127;2
863;предпочитать;46.3;100;96;2403;3
864;предпринять;23.6;100;95;1453;1
865;представиться;20.7;100;94;953;1
866;представляться;67.8;100;92;2978;1
867;предстоять;66.8;100;96;3000;3
868;предупредить;43.8;100;94;1582;4
869;предусмотреть;87.7;100;64;2691;1
870;предъявлять;16.2;100;92;1086;2
871;прекратить;43.4;100;96;2039;4
872;прекратиться;14.9;100;96;882;2
873;пренебрегать;6.5;100;95;445;3
874;преодолеть;30.8;100;95;1736;4
875;преподнести;9;100;94;589;0
876;прервать;29.4;100;94;1168;2
877;прерывать;8.6;100;94;506;3
878;преследовать;25;100;96;1354;4
879;претендовать;23.2;100;93;1513;3
880;прибегать;17.1;100;95;1022;3
881;приближаться;41;100;95;1680;4
882;приблизиться;24.4;100;94;1089;4
883;прибыть;55.7;100;95;2055;4
884;привезти;82;100;95;2389;4
885;привлекать;38.7;100;95;2270;3
886;привлечь;47.4;100;95;2714;3
887;привязать;23;100;95;1124;2
888;придавать;37.1;100;95;1871;1
889;придать;24.4;100;96;1360;1
890;придумать;97.9;100;96;3116;4
891;призвать;35.3;100;93;2175;4
892;призывать;29.3;100;94;1605;4
893;прийтись;285.5;100;96;8007;2
894;приказать;58.8;100;92;1371;4
895;приложить;25.6;100;96;1261;3
896;применить;24.6;100;92;1511;2
897;применять;47.7;100;89;2553;4
898;приниматься;37.3;100;93;2008;3
899;приняться;61.3;100;91;1468;3
900;приобрести;70.2;100;95;3694;3
901;приобретать;40.1;100;92;2375;4
902;приступать;10.9;100;94;733;2
903;приступить;30.2;100;95;1779;2
904;присутствовать;72.5;100;96;3214;4
905;приходиться;174.5;100;97;6442;3
906;проверить;66.1;100;96;2686;4
907;провести;222;100;95;8931;4
908;продемонстрировать;25.1;100;93;1644;1
909;продолжаться;69.9;100;96;3405;3
910;продолжить;48.8;100;96;2377;3
911;проживать;35.4;100;92;1861;1
912;прожить;64.2;100;95;2258;4
913;прозвучать;31.3;100;95;1561;1
914;произвести;67.5;100;95;2951;4
915;произнести;113.5;100;91;1854;3
916;произойти;203.2;100;97;6481;2
917;происходить;263.6;100;95;7996;4
918;пройти;398.4;100;97;10645;3
919;пропасть;60.8;100;94;1984;2
920;прописать;16.4;100;93;1052;0
921;пропустить;41.7;100;96;1771;4
922;проходить;175.4;100;97;6432;3
923;прочитать;72.7;100;96;2371;3
924;проявить;39.5;100;95;2012;4
925;проявиться;15.1;100;94;980;1
926;проявляться;32.9;100;88;1683;1
927;пугать;32.6;100;95;1467;4
928;пустить;54.1;100;95;1960;4
929;пытаться;249.4;100;97;6843;3
930;разбирать;18.5;100;96;983;4
931;разбираться;32.3;100;96;1523;3
932;развернуть;31.4;100;96;1517;3
933;развести;30.9;100;93;1216;3
934;разводить;17.3;100;95;992;3
935;раздавать;10.1;100;95;647;1
936;разделить;41.4;100;89;2240;4
937;разделять;28;100;95;1507;2
938;разобрать;26.8;100;95;1232;3
939;разобраться;60.1;100;96;2475;3
940;разойтись;36.7;100;96;1628;1
941;разорвать;19;100;94;956;4
942;разработать;83.5;100;88;4179;2
943;разрешаться;12.9;100;89;693;1
944;разрешить;66.4;100;97;2607;4
945;разрушить;33.2;100;96;1667;2
946;раскрыть;40.8;100;95;1712;2
947;располагать;28.3;100;94;1675;2
948;располагаться;33.9;100;86;1477;3
949;расположить;79.1;100;90;3560;2
950;рассказать;229.4;100;96;5883;3
951;рассматривать;100.6;100;91;3959;4
952;рассмотреть;63.9;100;89;3175;3
953;рассчитать;38.1;100;94;2294;1
954;рассчитывать;58.2;100;96;2981;3
955;расти;125.8;100;97;5045;3
956;расширить;26.3;100;83;1548;1
957;рваться;28.2;100;95;1246;1
958;рекомендовать;37.4;100;94;2145;2
959;решаться;46.1;100;97;2321;3
960;решиться;49.7;100;95;1927;2
961;рисковать;30;100;96;1510;3
962;рождаться;27;100;94;1354;2
963;сбить;29.6;100;94;1180;1
964;сбрасывать;11.4;100;95;729;2
965;свести;29.7;100;96;1539;1
966;сводить;23.6;100;95;1222;1
967;связать;160.2;100;92;6337;3
968;связаться;16.1;100;95;796;1
969;связываться;13.9;100;93;820;1
970;сдерживать;20.1;100;96;1075;0
971;складываться;41.4;100;94;2261;2
972;скрыть;32.4;100;95;1424;3
973;скрыться;28.7;100;92;1087;4
974;следовать;305.1;100;95;8778;4
975;сложить;40.1;100;94;1576;3
976;сложиться;81.6;100;94;3865;2
977;случиться;175.8;100;96;4433;4
978;сменить;31.2;100;96;1618;0
979;смешать;10.5;100;92;614;1
980;смочь;255.1;100;97;8476;3
981;снять;161.3;100;96;4197;4
982;собирать;75.1;100;97;3090;4
983;собираться;192.6;100;96;5778;4
984;соблюдать;22.1;100;94;1298;3
985;собрать;101.6;100;97;4132;4
986;собраться;94.5;100;96;3266;4
987;совершить;82.9;100;90;3046;4
988;содержать;87.2;100;87;3569;3
989;соединить;45.2;100;94;1991;3
990;создавать;114.1;100;93;5283;4
991;создаваться;42.6;100;92;2494;3
992;создать;245.9;100;94;9362;4
993;создаться;7.9;100;92;474;3
994;сомневаться;55;100;96;2117;4
995;соответствовать;98.1;100;90;4384;3
996;сопровождаться;20.3;100;89;1271;0
997;сорвать;25.7;100;95;1178;2
998;сосредоточить;17.9;100;94;1174;2
999;составить;121.6;100;92;5585;3
1000;состояться;103.1;100;91;4930;4
1001;сохранить;79.2;100;95;3851;1
1002;сохраниться;51.4;100;95;2242;2
1003;сохранять;40.4;100;95;2219;4
1004;сохраняться;25.6;100;90;1544;2
1005;спасать;33.1;100;95;1487;4
1006;спешить;69.7;100;94;2157;4
1007;способствовать;62.5;100;90;3376;1
1008;справиться1;43.2;100;96;2068;4
1009;справиться2;43.2;100;96;2068;4
1010;спросить;573.9;100;91;4653;4
1011;сражаться;15.3;100;95;814;4
1012;ссылаться;18.7;100;94;1100;2
1013;сталкиваться;25;100;95;1475;1
1014;стать1;1621.8;100;97;21235;4
1015;стать2;1621.8;100;97;21235;4
1016;стесняться;30.3;100;95;1209;3
1017;стоить;501.9;100;97;11503;4
1018;столкнуться;29.8;100;96;1671;1
1019;страдать;59.8;100;97;2469;3
1020;суметь;83.9;100;96;3097;2
1021;существовать;260.9;100;94;8482;2
1022;считать;455.3;100;97;12187;4
1023;считаться;115.7;100;95;4941;3
1024;съесть;43.2;100;94;1632;4
1025;сыграть;80.8;100;93;2825;4
1026;терпеть;53.7;100;95;1861;3
1027;тормозить;11.2;100;95;773;2
1028;требовать;190.9;100;96;7101;4
1029;убедить;45.2;100;96;2243;4
1030;убедиться;47.7;100;97;2046;4
1031;убрать;47;100;95;1819;4
1032;увеличить;43.3;100;92;2701;3
1033;увидеть;452.4;100;95;6969;4
1034;уволить;20.5;100;94;999;0
1035;угрожать;22.6;100;95;1218;4
1036;удаваться;54.3;100;96;2654;4
1037;удаться;189.1;100;96;7051;4
1038;удерживать;20.8;100;96;1124;1
1039;удивляться;49.4;100;95;1868;4
1040;удовлетворить;22.8;100;94;1397;2
1041;уехать;117.4;100;95;2603;4
1042;уйти;315.6;100;95;6163;2
1043;указать;91.5;100;86;3254;3
1044;укладываться;13.8;100;96;879;1
1045;укрепить;18.1;100;95;1092;4
1046;уменьшить;15.9;100;92;1080;2
1047;унести;20.3;100;94;1016;4
1048;уничтожить;43.6;100;95;1718;4
1049;упоминать;18.5;100;94;929;3
1050;услышать;160.4;100;94;3434;4
1051;успеть;203.4;100;94;4508;3
1052;успокоиться;46.1;100;92;1416;3
1053;устанавливать;34.8;100;89;2024;2
1054;установить;174;100;85;6094;2
1055;устать;58.6;100;94;1925;4
1056;устраивать;57.4;100;96;2578;3
1057;устроить;94.9;100;97;3338;3
1058;уступать;27.6;100;96;1672;3
1059;уступить;21.1;100;96;1169;3
1060;утвердить;47.8;100;89;2441;3
1061;уточнить;26.3;100;95;1311;2
1062;уточнять;9.7;100;95;653;3
1063;участвовать;113;100;92;4952;4
1064;учесть;43.6;100;96;2485;2
1065;учитывать;65.6;100;91;3738;3
1066;хватать1;130.9;100;96;4279;4
1067;хватать2;130.9;100;96;4279;4
1068;хотеться;285.3;100;96;6330;3
1069;ценить;31.8;100;95;1421;4
1070;цитировать;18.6;100;93;896;1
1071;черпать;6.5;100;95;456;1
1072;читаться;10;100;94;632;0